{"controlPoints":{"A":[1424.6340366719687,571.0313682292851],"B":[1424.6340366719687,571.0313682292851],"C":[1424.6340366719687,571.0313682292851],"D":[1424.6340366719687,571.0313682292851],"VP1":[-47.460000000001386,746.2200000000006],"VP2":[1705.4224220160002,788.5237063680007],"Vert1Floor":[1290.9574996529234,616.2251920969738],"Vert2Floor":[352.19267491921903,484.03740944793606],"Vert1Top":[1292.3310744860348,652.6649507647492],"Vert2Top":[331.57004467568606,546.2345852731386]},"controlValues":{"referenceHeight1":0.4,"referenceHeight2":0.4},"pointCorrespondences":{"image":[[1424.6340366719687,571.0313682292851],[1390.7756060246027,544.8053929697292],[1302.0805409681052,557.2265022782781],[1343.0786974285832,580.7369766617096],[1290.9574996529234,616.2251920969738],[1292.3310744860348,652.6649507647492],[352.19267491921903,484.03740944793606],[331.57004467568606,546.2345852731386]],"world":[[4.307303056605712,-4.810271732310977,0],[3.307455361449321,-4.827724138748261,0],[3.2944037360962906,-4.079997023054101,0],[4.2942514312526825,-4.062544616616818,0],[5.68268282139761,-2.914104650025806,0],[5.68268282139761,-2.914104650025806,0.4],[-1.9512392406608572,0.6694772476957604,0],[-1.9512392406608572,0.6694772476957604,0.4]]},"projectionMatrix":[[1285.3411178892366,53.18646942199124,-366.5575711377387,4303.594833321287],[586.6575695833549,428.7899141489826,627.027307480549,3378.2551741701145],[0.7540845436766338,0.5824369702229475,-0.3035188243017495,6.282402269111573]],"barrelCorrection":{"K1":-0.25722262685117736}}